image_name,label,nose_x,nose_y,upper_jaw_x,upper_jaw_y,lower_jaw_x,lower_jaw_y,mouth_end_right_x,mouth_end_right_y,mouth_end_left_x,mouth_end_left_y,right_eye_x,right_eye_y,right_earbase_x,right_earbase_y,right_earend_x,right_earend_y,right_antler_base_x,right_antler_base_y,right_antler_end_x,right_antler_end_y,left_eye_x,left_eye_y,left_earbase_x,left_earbase_y,left_earend_x,left_earend_y,left_antler_base_x,left_antler_base_y,left_antler_end_x,left_antler_end_y,neck_base_x,neck_base_y,neck_end_x,neck_end_y,throat_base_x,throat_base_y,throat_end_x,throat_end_y,back_base_x,back_base_y,back_end_x,back_end_y,back_middle_x,back_middle_y,tail_base_x,tail_base_y,tail_end_x,tail_end_y,front_left_thai_x,front_left_thai_y,front_left_knee_x,front_left_knee_y,front_left_paw_x,front_left_paw_y,front_right_thai_x,front_right_thai_y,front_right_paw_x,front_right_paw_y,front_right_knee_x,front_right_knee_y,back_left_knee_x,back_left_knee_y,back_left_paw_x,back_left_paw_y,back_left_thai_x,back_left_thai_y,back_right_thai_x,back_right_thai_y,back_right_paw_x,back_right_paw_y,back_right_knee_x,back_right_knee_y,belly_bottom_x,belly_bottom_y,body_middle_right_x,body_middle_right_y,body_middle_left_x,body_middle_left_y
chihuahua_10523.jpg,sleep,0.12629506,0.6028915,0.14210919,0.62661237,0.16200508,0.63457173,0.159512,0.600156,0.1746485,0.61203724,0.169144,0.5157148,0.23726645,0.4348421,0.22643533,0.39278123,0.20702176,0.47132754,0.20578916,0.39485487,0.19766207,0.5371242,0.2580715,0.4880495,0.2691089,0.42063916,0.2248816,0.49570155,0.24844465,0.40455702,0.30516943,0.4452537,0.35400972,0.4211854,0.29636008,0.5904966,0.3334577,0.5961703,0.37531063,0.41760144,0.45459324,0.39727762,0.523306,0.40166214,0.40685377,0.42379674,0.35469761,0.512666,0.40223593,0.56891036,0.39764142,0.6248421,0.38004816,0.6849758,0.35843095,0.6112042,0.36129692,0.6847295,0.36319324,0.63768107,0.6089084,0.60518616,0.60224074,0.6792993,0.6071391,0.5587304,0.54822135,0.58883023,0.5993861,0.6756514,0.5725111,0.61647135,0.51077956,0.63433784,0.40663806,0.49443665,0.51806396,0.51471657
dalmatian_10138.jpg,sleep,0.5866097,0.77338165,0.5693959,0.8083653,0.56262076,0.8102927,0.50609946,0.7121339,0.6312007,0.68522465,0.5185107,0.50137264,0.47535437,0.31606597,0.43097717,0.21133961,0.48710948,0.32645515,0.46151143,0.22144671,0.63057315,0.49716187,0.6443161,0.28930303,0.68509537,0.20344305,0.6506029,0.3060839,0.6988049,0.2523567,0.54426134,0.1582696,0.50055736,0.048674263,0.47670946,0.6151816,0.4296833,0.62818813,0.48614082,0.020658433,0.50960237,0.011037999,0.33671805,0.0,0.56298983,0.085843645,0.5957632,0.5099929,0.5194917,0.55748886,0.48356175,0.8867672,0.48751807,0.7055053,0.30497628,0.49371698,0.32664216,0.68168217,0.3342445,0.8857953,0.4951028,0.4395439,0.372116,0.8235376,0.4305151,0.5930253,0.1777784,0.5972661,0.23451558,0.81679887,0.1688838,0.4313718,0.3224258,0.58746916,0.21369818,0.25700143,0.54201245,0.24364567
dalmatian_10138.jpg,sleep,0.5840106,0.69174784,0.5677561,0.72126067,0.5633937,0.73211914,0.5180198,0.6609127,0.6187609,0.65461546,0.52371657,0.47240263,0.47925252,0.3268548,0.44242042,0.22155435,0.48822278,0.3207881,0.46985283,0.21504247,0.6355232,0.46646646,0.6604488,0.3103526,0.70205295,0.22057933,0.65058905,0.30477124,0.70488393,0.22654633,0.54085773,0.1885083,0.49867973,0.1017833,0.49396077,0.6371787,0.46640587,0.6496897,0.4848318,0.08299203,0.17927644,0.088908024,0.3507176,0.019028684,0.1506537,0.12641823,0.10359688,0.5195171,0.5615571,0.5787712,0.5305821,0.69092405,0.50309056,0.90736705,0.34497565,0.53320104,0.3813399,0.90904415,0.34363,0.68747115,0.34533027,0.6394377,0.33090335,0.8266465,0.3501869,0.52504724,0.16976438,0.45131645,0.2545185,0.82572424,0.20251684,0.6150168,0.32016057,0.601821,0.24307099,0.31702214,0.5788821,0.31449714
dalmatian_10135.jpg,sleep,0.6338657,0.23709685,0.633288,0.27113467,0.6323296,0.29701588,0.6320262,0.2976855,0.6432617,0.2913903,0.6411184,0.20699918,0.6414157,0.15451272,0.6362395,0.10310709,0.65664494,0.1326054,0.64246285,0.081620805,0.66426116,0.2118715,0.68021756,0.17243654,0.6924264,0.11879997,0.672594,0.13301422,0.674219,0.0873036,0.6099714,0.25848758,0.59773076,0.39264473,0.6676074,0.35323113,0.6621144,0.47155398,0.5926966,0.4222913,0.60697395,0.5181519,0.50765693,0.53496146,0.6608824,0.46481043,0.69788086,0.5988875,0.68106127,0.6882031,0.6461452,1.0,0.6634699,0.8135358,0.5882427,0.67893064,0.5753215,0.84904975,0.6128173,1.0,0.54903644,0.8161757,0.50145245,1.0,0.5222158,0.9501959,0.46900064,0.9251469,0.4669345,1.0,0.45300752,0.81869,0.5332029,0.8507546,0.48537087,0.6815273,0.6483681,0.7018529
bobcat_10410.jpg,stand,0.6480344,0.43021926,0.6446065,0.45213258,0.6424304,0.46901122,0.6221014,0.4593861,0.65468633,0.45046946,0.60488844,0.379241,0.5744809,0.34541088,0.5510603,0.28683347,0.59500587,0.32865924,0.5848893,0.2548222,0.6566949,0.37109426,0.6460706,0.32110658,0.6681543,0.27248222,0.6316289,0.31796122,0.65529907,0.255192,0.5995487,0.40467224,0.587852,0.46456978,0.60852116,0.49870405,0.60505074,0.56906986,0.5843631,0.4750652,0.53175676,0.4727301,0.57553166,0.49781254,0.5117645,0.4730913,0.4711376,0.5804626,0.6467063,0.67422134,0.6378442,0.7743358,0.61956435,0.9092288,0.5380434,0.6682941,0.55635816,0.90172076,0.555512,0.766537,0.5977601,0.80531424,0.58947766,0.8977106,0.597496,0.71568924,0.5415708,0.7010291,0.55819786,0.8920376,0.54310566,0.79173625,0.5811696,0.739044,0.5092201,0.63796014,0.6610651,0.62149227
collie_10076.jpg,stand,0.3000072,0.22142892,0.30276185,0.2609233,0.30753583,0.2951526,0.30493554,0.29316786,0.35628146,0.29366958,0.3306552,0.17543612,0.37361878,0.11218502,0.35878402,0.15149063,0.37816703,0.12988925,0.3490254,0.121564545,0.39621753,0.18704219,0.49948198,0.18950807,0.51723254,0.18318504,0.4357806,0.12168852,0.47762722,0.1214661,0.5473572,0.22902752,0.6030389,0.31687805,0.39240324,0.37128532,0.3996113,0.4525672,0.61064875,0.3397505,0.671986,0.4620144,0.6498577,0.42422387,0.66651285,0.46872583,0.6563798,0.55130076,0.5556883,0.61001724,0.5332836,0.8913328,0.5465961,0.70416147,0.37539166,0.6083006,0.39482334,0.7145607,0.41672412,0.88376236,0.69258815,0.71563846,0.6331798,0.89374876,0.662419,0.7681997,0.6074134,0.7986074,0.5800122,0.8748827,0.58487993,0.73794407,0.59112823,0.77871037,0.3870353,0.5944462,0.66447747,0.6056726
bobcat_10278.jpg,stand,0.21247903,0.18138985,0.21630597,0.2092356,0.22627917,0.22246371,0.224754,0.18512768,0.24437924,0.18771017,0.2303411,0.10378275,0.26608872,0.028700821,0.24853674,0.019803004,0.2576061,0.056459066,0.2217063,0.0,0.26801187,0.105440296,0.31916383,0.06587629,0.3213498,0.026472976,0.28484115,0.053296424,0.30532244,0.0018308938,0.37793094,0.09337471,0.43247956,0.18467829,0.2844996,0.22933275,0.3087263,0.343038,0.44859084,0.19862747,0.71033776,0.3274272,0.5614418,0.25699982,0.722373,0.3587217,0.7341244,0.5163905,0.40852365,0.4816206,0.41345444,0.84404886,0.42097592,0.6045282,0.35722286,0.5056215,0.39179567,0.6160856,0.38849404,0.8253755,0.66062057,0.5142827,0.64932424,0.8413992,0.6597813,0.6043261,0.6848188,0.6350137,0.6210744,0.8181442,0.65527153,0.53365946,0.5396188,0.5729421,0.42626458,0.40333775,0.55456895,0.42311782
bobcat_10278.jpg,stand,0.1968887,0.21635033,0.20426503,0.24448836,0.21355124,0.25953108,0.21635875,0.23086306,0.23161578,0.2336506,0.22168827,0.13487758,0.2775335,0.06483392,0.25874442,0.022006838,0.25087947,0.07788036,0.24606958,0.004347544,0.26205477,0.14548336,0.31114918,0.10536771,0.33036643,0.03702291,0.2752161,0.09015913,0.31146422,0.008381311,0.3609932,0.10639332,0.42368126,0.1651342,0.29986718,0.26967177,0.34073517,0.36089435,0.44164395,0.17204072,0.51281524,0.16999272,0.5631024,0.20210002,0.47433338,0.1969379,0.41519946,0.3505968,0.4348708,0.45693877,0.43796816,0.6090793,0.42884701,0.75272185,0.3778633,0.48407447,0.3984429,0.73743755,0.40731364,0.6223397,0.662019,0.5783821,0.65360147,0.7828409,0.6779486,0.4801541,0.5849762,0.50722986,0.6215798,0.76645035,0.590827,0.6022305,0.54452115,0.5271286,0.41299826,0.35704905,0.561591,0.3683598
collie_10094.jpg,stand,0.3924855,0.3765498,0.3936533,0.40302977,0.3954456,0.42213973,0.3895623,0.41059497,0.43176374,0.4070479,0.40192643,0.32503757,0.42411914,0.26077333,0.40410915,0.24226035,0.43479124,0.2703841,0.40718907,0.22619258,0.45847002,0.3307867,0.5170517,0.30232334,0.541075,0.26099703,0.47792214,0.267338,0.5131726,0.22817612,0.5401825,0.3609315,0.5668133,0.4248768,0.44604033,0.46414194,0.4534041,0.53519684,0.57279205,0.43990925,0.63487786,0.4874736,0.59605694,0.48140034,0.6442768,0.48608354,0.64721334,0.6088967,0.5635725,0.6546512,0.54398286,0.9213107,0.5569665,0.742702,0.42736745,0.6509852,0.43860912,0.7471738,0.4633984,0.9133883,0.6460933,0.7071171,0.61478436,0.9035019,0.6334137,0.7863892,0.5746875,0.7976225,0.5594241,0.89189714,0.5627383,0.72799873,0.5690014,0.7547702,0.4209113,0.6137739,0.6356611,0.6255092
chihuahua_10335.jpg,stand,0.393579,0.39732173,0.3905355,0.4129438,0.38878804,0.42751786,0.3517068,0.39518687,0.4150173,0.38795456,0.33789113,0.28638682,0.29366034,0.20550923,0.25593558,0.13499883,0.3040759,0.19597557,0.27673417,0.13233207,0.4120143,0.27411297,0.41727763,0.1738336,0.43604746,0.1129949,0.41027927,0.17966773,0.44421512,0.12429029,0.36861438,0.11868027,0.3694559,0.09924518,0.36356193,0.41195312,0.3616318,0.43828422,0.36780733,0.09824365,0.286921,0.07305195,0.395051,0.08391079,0.2547991,0.10926261,0.19786213,0.30980363,0.44852176,0.38825047,0.43237907,0.46175113,0.41597804,0.58884346,0.26306725,0.3929944,0.29187304,0.5817551,0.27733475,0.44822922,0.48270243,0.42382544,0.44694036,0.5235549,0.47894463,0.33048782,0.30553097,0.30489072,0.36483344,0.49425712,0.32233754,0.42674747,0.38939103,0.43046156,0.2626552,0.25339526,0.48286667,0.2521515
chihuahua_10335.jpg,stand,0.38853198,0.4005409,0.38515323,0.42262548,0.38188633,0.43625018,0.34353903,0.391929,0.41251475,0.38177255,0.34680048,0.2702134,0.30281416,0.18025158,0.26825088,0.120752096,0.3194782,0.16698699,0.27514365,0.11680848,0.41615885,0.2661097,0.4315586,0.16285358,0.45229882,0.11183262,0.42527333,0.15927614,0.45528203,0.11858378,0.35970703,0.08636386,0.35271397,0.056881808,0.36980852,0.41685674,0.36012778,0.43611133,0.35525572,0.049229976,0.50289786,0.07532313,0.3552365,0.038506035,0.5386454,0.11284657,0.5951053,0.39224294,0.4391776,0.3951007,0.40471047,0.6861615,0.4323148,0.4590022,0.26326415,0.38843328,0.28252727,0.47736406,0.3044505,0.67871046,0.49591225,0.320231,0.4353014,0.6088764,0.449792,0.46260032,0.32067546,0.47557595,0.31752154,0.5998563,0.30337247,0.36671355,0.3612,0.4496722,0.23353446,0.25027955,0.46578345,0.24333987
bobcat_10073.jpg,stand,0.5828041,0.44741765,0.5849217,0.47533014,0.5855451,0.4963386,0.5516349,0.47717133,0.629757,0.47180778,0.55265987,0.3382975,0.5364739,0.24425286,0.49614555,0.1119539,0.57066965,0.23247924,0.5242704,0.080828674,0.64599234,0.34593326,0.67568713,0.25215128,0.7283806,0.127639,0.6428267,0.24221918,0.6683854,0.09239486,0.47858366,0.3708874,0.46262807,0.42405796,0.6094959,0.54048806,0.6126112,0.6120796,0.4379472,0.43401363,0.47457224,0.42393607,0.32135466,0.45843378,0.5542862,0.41853827,0.6093463,0.63657385,0.6790913,0.70232344,0.6219746,0.95847046,0.672837,0.7491854,0.48392892,0.6783479,0.48812684,0.7861178,0.52983534,0.9772597,0.44399232,0.7116627,0.3682045,0.908169,0.39244443,0.8626919,0.22111782,0.8268214,0.24239811,0.94575804,0.21285863,0.69875836,0.36403245,0.8132176,0.3507596,0.62690145,0.63109064,0.64127344
bobcat_10162.jpg,stand,0.64735496,0.5974511,0.6408505,0.63750684,0.6375298,0.66487354,0.55184245,0.6321509,0.69174755,0.6264692,0.52532667,0.44614622,0.43849683,0.32936105,0.36754397,0.16193786,0.51487195,0.30735686,0.43190926,0.14347623,0.689411,0.44043806,0.6799971,0.2941191,0.7361129,0.1536665,0.6510994,0.2981926,0.6820129,0.15128005,0.40922126,0.39046323,0.37742195,0.42333928,0.5660766,0.69762737,0.55382526,0.7754172,0.35722095,0.4315539,0.43352738,0.4035916,0.22223386,0.46706855,0.5196612,0.42464617,0.5697557,0.6487461,0.6935938,0.77845573,0.61905587,0.94479424,0.6865753,0.83102775,0.3295558,0.75674486,0.37427962,0.85572416,0.41944963,0.954289,0.51286864,0.7520374,0.34897476,0.92067367,0.43756485,0.83144104,0.06881456,0.8206658,0.15669732,0.9318059,0.045452356,0.74826056,0.2803889,0.87894076,0.18658896,0.66936535,0.670815,0.67091334
chihuahua_10109.jpg,stand,0.57031584,0.45224503,0.5709604,0.5248636,0.57500845,0.5736026,0.49649858,0.55687326,0.6294297,0.5608338,0.47596332,0.32144755,0.395489,0.21288423,0.31869483,0.13038225,0.4803464,0.15144202,0.38483638,0.04362875,0.6532006,0.32227802,0.7187967,0.20707758,0.7887466,0.11835057,0.63295543,0.14433733,0.70882434,0.041324213,0.4512606,0.25298795,0.43913582,0.31303728,0.5540688,0.7118529,0.5475194,0.83436614,0.42802146,0.32970324,0.5428743,0.33566725,0.35474563,0.34221515,0.5921781,0.3571247,0.63454163,0.724792,0.74441046,0.80169284,0.66859174,1.0,0.7415897,0.8732945,0.32937145,0.79597974,0.3764719,0.91283494,0.40991765,1.0,0.6414049,0.78482395,0.4507518,1.0,0.53423005,0.89610934,0.14576183,0.88059425,0.21172887,1.0,0.1132824,0.813633,0.39613783,0.9791057,0.22040974,0.6845486,0.765039,0.67805964
frame_0_timestamp_0.jpg,stand,0.44743016,0.4624176,0.44562328,0.47444773,0.44898504,0.48676968,0.42127338,0.47668472,0.4979524,0.47526988,0.4066313,0.41641384,0.39124587,0.37550363,0.34916332,0.32550701,0.4128685,0.3723901,0.3903052,0.31702733,0.5239383,0.41777024,0.5670738,0.37706742,0.62386304,0.3284746,0.523317,0.3702207,0.58768517,0.31797734,0.5038023,0.39362243,0.5072336,0.40499172,0.47052085,0.50461113,0.4810825,0.52677536,0.5070168,0.40687186,0.41188493,0.37723723,0.51376015,0.4060452,0.36393017,0.3877142,0.2882021,0.45734754,0.61510414,0.5344268,0.59324425,0.57679826,0.54089314,0.62368935,0.359868,0.53233284,0.39089626,0.62399834,0.38047427,0.5720213,0.6173428,0.56698287,0.57553035,0.61006546,0.61981624,0.5393103,0.40783855,0.5222499,0.47794932,0.60330117,0.42043433,0.5626769,0.50832367,0.5738022,0.3413176,0.48904642,0.6421134,0.48689166
frame_0_timestamp_0.jpg,stand,0.45810667,0.46640596,0.4591156,0.48075557,0.46074373,0.4906478,0.4255573,0.4793198,0.5084954,0.4773596,0.4199064,0.4215575,0.39735937,0.37339002,0.35349122,0.32255155,0.4359193,0.36667567,0.37802675,0.3140937,0.53092176,0.42111284,0.5726092,0.376607,0.6240278,0.32311064,0.53865147,0.36746132,0.60105497,0.3150831,0.47873068,0.39437157,0.47367528,0.4049902,0.48490915,0.508613,0.48529002,0.5304215,0.4760366,0.40637422,0.5650058,0.403498,0.4590956,0.4173769,0.61053807,0.4063744,0.6552746,0.49150652,0.63009185,0.548075,0.5771354,0.65692633,0.62616795,0.58746165,0.36167282,0.54492253,0.3771822,0.5926709,0.43197188,0.65363973,0.60272175,0.5554622,0.52980816,0.63891155,0.54463184,0.59127814,0.4036606,0.59533083,0.39661756,0.6414495,0.38413292,0.56512207,0.47571123,0.6003014,0.31761068,0.507868,0.6590498,0.513245
bobcat_10130.jpg,stand,0.4858377,0.34789398,0.485768,0.36927858,0.4843359,0.38594317,0.43141744,0.37458092,0.52872574,0.36766827,0.40410325,0.29772997,0.34201136,0.25329372,0.27404553,0.19864252,0.39023042,0.22821255,0.36162037,0.17385343,0.5365906,0.29115042,0.55535096,0.23707739,0.6031012,0.19178452,0.5016629,0.21888265,0.5435927,0.17114305,0.50320506,0.3096545,0.5020597,0.35427228,0.45567545,0.42334595,0.45124912,0.48328835,0.5068452,0.369443,0.40400007,0.34345287,0.57292277,0.3824471,0.34898585,0.34912306,0.26777068,0.5224904,0.58269364,0.5900798,0.5621006,0.7046239,0.5439409,0.82514393,0.30741537,0.58864975,0.35949963,0.8143606,0.3520622,0.69965506,0.6902097,0.7152523,0.62187415,0.84351474,0.7020751,0.6310657,0.38418025,0.61840105,0.4230624,0.8210789,0.3664144,0.72036636,0.5502332,0.6539794,0.29941383,0.54106826,0.70095724,0.5323658
bobcat_10198.jpg,stand,0.44093657,0.46031618,0.44090405,0.47900936,0.4422598,0.49298587,0.4219168,0.47743586,0.46919698,0.47267058,0.41253066,0.39434695,0.40244913,0.33302984,0.37179154,0.25546715,0.41371775,0.32885566,0.40109983,0.23500594,0.48452997,0.3891649,0.50054055,0.32737246,0.52945346,0.2450672,0.4757204,0.32020575,0.5109118,0.23714547,0.5140643,0.38245502,0.5255539,0.40241703,0.44399562,0.5117107,0.45115882,0.55264753,0.5333166,0.40585756,0.5427685,0.34357324,0.6031253,0.41433388,0.511103,0.36418444,0.47494927,0.46503118,0.54695165,0.5798131,0.53480756,0.64681244,0.5244273,0.7304736,0.3976577,0.5844311,0.42623773,0.7173068,0.4284973,0.6399777,0.68271077,0.642636,0.6488387,0.7266328,0.68473065,0.58007425,0.56518126,0.5849064,0.5944752,0.7026833,0.5539241,0.65998846,0.58272415,0.6378656,0.43039298,0.52964574,0.6249788,0.5201589
bobcat_10198.jpg,stand,0.42667723,0.45303768,0.4254012,0.47613236,0.42690486,0.48960415,0.41066283,0.4732789,0.45874366,0.47348878,0.40793353,0.39010227,0.3978954,0.3184553,0.37274435,0.26169732,0.42200366,0.3246403,0.38752237,0.24674247,0.47360525,0.38755706,0.5106009,0.33236477,0.5298144,0.25969,0.48247272,0.31644812,0.51275223,0.24827066,0.5385443,0.39305207,0.549065,0.41335127,0.44330263,0.519065,0.44079667,0.5550844,0.558198,0.42341533,0.7130599,0.44446945,0.62755495,0.4442004,0.7203218,0.45896453,0.75147927,0.57469875,0.5459785,0.58527863,0.52196234,0.7474061,0.54855126,0.6393121,0.39938936,0.59071934,0.42697746,0.643295,0.44519216,0.7333341,0.7122325,0.6089283,0.6564532,0.7272067,0.67216337,0.62866217,0.65340847,0.6577146,0.6076234,0.71647155,0.6223631,0.6368104,0.6030309,0.6706527,0.42839488,0.55472004,0.64251274,0.563289
chihuahua_10243.jpg,tailup,0.5922855,0.7555869,0.5851114,0.77272815,0.5801772,0.7839075,0.5510741,0.74713606,0.62518144,0.7344156,0.5499047,0.6117747,0.52170444,0.5010858,0.4807524,0.35932878,0.54901254,0.5017824,0.4859315,0.33657885,0.6426274,0.6154141,0.6553347,0.48839304,0.7010788,0.3477705,0.6375631,0.49593705,0.6893426,0.34651902,0.5247982,0.4536394,0.5036389,0.43790728,0.5437482,0.75091755,0.5181142,0.79784566,0.47992873,0.42776966,0.48700285,0.32700872,0.33976036,0.35419628,0.5429131,0.38234103,0.5939654,0.61493367,0.60465586,0.74777,0.5518544,0.8837185,0.57884806,0.78665346,0.3960209,0.69437623,0.4193073,0.79304284,0.43659252,0.88479906,0.45542917,0.607503,0.36015773,0.80506444,0.38537902,0.7014264,0.2011415,0.6892162,0.23308232,0.82615113,0.18850908,0.59285724,0.34263927,0.73682237,0.3067108,0.5353453,0.55631816,0.52899116
chihuahua_10174.jpg,tailup,0.3434719,0.58769995,0.3471109,0.60328853,0.35989875,0.6119414,0.3479829,0.59007657,0.37209493,0.6010036,0.34877032,0.5328475,0.36508638,0.48854935,0.3328356,0.4574253,0.36991572,0.48951036,0.33349878,0.4115638,0.39745983,0.54277056,0.42448702,0.50993973,0.44162145,0.45014304,0.39069182,0.5018518,0.41773742,0.41044623,0.40226212,0.50083655,0.42250186,0.51408386,0.4114729,0.61027265,0.43063864,0.66296345,0.4247273,0.5100363,0.5939476,0.4319918,0.499298,0.4415155,0.5930968,0.4566943,0.61508983,0.6223055,0.49236578,0.64825094,0.47065362,0.7990672,0.48284578,0.7422444,0.42507792,0.66931874,0.43920383,0.74968815,0.44056773,0.80183905,0.6030334,0.58793664,0.6093023,0.7776292,0.59222823,0.6286895,0.578158,0.66408324,0.56757545,0.78477716,0.58755255,0.606405,0.51614857,0.6239445,0.44306618,0.51030797,0.5232943,0.5400582
chihuahua_10174.jpg,tailup,0.32667822,0.5876732,0.32775328,0.60036564,0.33484164,0.60935056,0.3299064,0.59215015,0.34649295,0.59970546,0.32391602,0.53783333,0.3379629,0.50252604,0.3099975,0.46177903,0.3388663,0.5054316,0.32686576,0.41186902,0.37276366,0.54856366,0.3931982,0.51404136,0.41507894,0.46051115,0.36191383,0.5136661,0.39069054,0.4135168,0.38651785,0.5194917,0.40885013,0.5332565,0.3736747,0.6121207,0.39553532,0.6644407,0.41370195,0.5248269,0.49217147,0.4481604,0.4979051,0.4581332,0.45629817,0.48158538,0.42971784,0.6102186,0.45079392,0.6627602,0.44325465,0.7457716,0.4368561,0.8293131,0.40372267,0.68342245,0.4178931,0.8319736,0.41914544,0.7507843,0.5904521,0.6761254,0.6069834,0.8100342,0.5986747,0.5940372,0.54270315,0.62934947,0.5676018,0.80526596,0.5584235,0.679178,0.50193393,0.6392682,0.4275806,0.5420575,0.5031058,0.5572714
chihuahua_10247.jpg,tailup,0.42700568,0.5204147,0.4273676,0.56202483,0.4321274,0.58538914,0.40998235,0.5575393,0.48745498,0.55337715,0.40913114,0.3898905,0.4040555,0.25747982,0.3619925,0.13962696,0.43567163,0.27005705,0.36536163,0.12119774,0.51803243,0.3929096,0.5823237,0.29621178,0.6309888,0.13690706,0.53584445,0.26761985,0.59920424,0.12384487,0.61691135,0.3452102,0.6361843,0.37038678,0.4773609,0.6354565,0.48310924,0.7148479,0.64891016,0.37997192,0.90892667,0.3775464,0.75543594,0.39131644,0.9168521,0.4037574,0.96103066,0.6499187,0.6430133,0.7143284,0.60364497,0.9466463,0.6427051,0.82999116,0.41553488,0.73599553,0.4664465,0.82972157,0.48017398,0.9302066,0.9094682,0.7013458,0.821359,0.9189265,0.85477304,0.7342488,0.7855035,0.7926534,0.7318004,0.9054039,0.74549705,0.76171136,0.73491335,0.82138246,0.46005982,0.61591256,0.7914978,0.6190101
chihuahua_10159.jpg,tailup,0.1155688,0.68954855,0.12904234,0.70159614,0.14564875,0.697739,0.11410642,0.6434083,0.14896038,0.6628265,0.110188544,0.5605408,0.1363395,0.46910462,0.11611078,0.4345773,0.11850281,0.504089,0.11392675,0.42298228,0.15494631,0.5755526,0.17669329,0.49000338,0.18123682,0.44251022,0.15155908,0.5273767,0.16859734,0.43083242,0.16279523,0.43212703,0.20745094,0.3564937,0.2204254,0.5550798,0.26071423,0.5400008,0.21809089,0.3332655,0.30996615,0.23197606,0.36835945,0.2102883,0.26900306,0.2691315,0.22272138,0.5000018,0.3183702,0.48359054,0.3128565,0.61732835,0.30317816,0.70488065,0.26614368,0.5298393,0.27507573,0.7033832,0.27074012,0.629603,0.48219594,0.5247006,0.48416692,0.6962319,0.4864027,0.43766117,0.40673414,0.46981382,0.4537437,0.68531156,0.44813156,0.5356281,0.39402443,0.5017287,0.31196147,0.32657018,0.40291825,0.35677272
chihuahua_10159.jpg,tailup,0.19763298,0.6004498,0.20448819,0.62203807,0.21969847,0.62477905,0.20820555,0.55057085,0.22376625,0.5741981,0.21263573,0.47428155,0.26810947,0.35227823,0.26659498,0.239187,0.24922931,0.3769304,0.22003245,0.21913035,0.24181704,0.48781118,0.27936536,0.38617083,0.29814962,0.2468554,0.24345148,0.39816964,0.2891443,0.22347113,0.25844526,0.31268477,0.298371,0.27821022,0.3020535,0.52109957,0.34015375,0.5561928,0.30876118,0.26143208,0.5549701,0.16524583,0.38436547,0.17951134,0.569799,0.17849214,0.6020304,0.48583707,0.3696765,0.5046598,0.35206985,0.81823945,0.36100107,0.63046515,0.35178217,0.53481716,0.35268518,0.64651185,0.3346543,0.8084313,0.50880545,0.42489287,0.47960138,0.75742966,0.47363338,0.56782705,0.48942724,0.5692492,0.46303615,0.7611666,0.4887154,0.45070517,0.4054138,0.500297,0.3983069,0.30606648,0.42512503,0.35060024
collie_10056.jpg,stay,0.35353377,0.4907595,0.36299896,0.5080818,0.3775579,0.51454794,0.35243076,0.47034028,0.39711887,0.47450086,0.35570037,0.37436372,0.37953153,0.28027523,0.35267797,0.21206765,0.36515394,0.29451236,0.32896018,0.22082621,0.4102827,0.3812491,0.4491949,0.30643833,0.46683088,0.21895345,0.4242272,0.30843645,0.45162266,0.21702279,0.45044556,0.2671104,0.48528376,0.2520527,0.45325664,0.4691378,0.4828537,0.5004508,0.4966109,0.24276963,0.7668783,0.23170178,0.6151859,0.22353908,0.77606976,0.25441328,0.7946606,0.47922823,0.5624026,0.4862098,0.54458326,0.7128216,0.55555177,0.5903506,0.47066927,0.51837546,0.48721105,0.5877793,0.49482694,0.7087467,0.7671366,0.44313827,0.7510188,0.6797743,0.749128,0.5346869,0.71910256,0.561425,0.69522655,0.68131906,0.72238153,0.4768006,0.6334555,0.51881033,0.49769855,0.35337263,0.663599,0.3728435
dalmatian_10378.jpg,stay,0.70977813,0.3818398,0.70494974,0.3960405,0.6996918,0.41399387,0.6825512,0.4019214,0.7075871,0.39034596,0.6749114,0.32111678,0.6416463,0.29042584,0.6238502,0.2602847,0.66431415,0.28612968,0.6529258,0.2308381,0.71010387,0.31852275,0.6950276,0.26368862,0.7076581,0.24802843,0.6911398,0.2767765,0.7008831,0.22330114,0.6077067,0.2828177,0.5624607,0.3122458,0.65252197,0.42992622,0.62300736,0.46878037,0.54618394,0.31465355,0.4493381,0.37193045,0.42676058,0.33102655,0.49665794,0.39885607,0.51808465,0.5288635,0.59476614,0.5638543,0.5647868,0.75302386,0.565072,0.62874323,0.54529995,0.52220434,0.545268,0.62481505,0.5468284,0.7690981,0.3742291,0.55952066,0.36055467,0.75198615,0.36893612,0.6409215,0.3039769,0.61662626,0.3076975,0.7814238,0.2981438,0.5289532,0.4328479,0.58136475,0.43128213,0.46837205,0.5661948,0.44634312
dalmatian_10378.jpg,stay,0.7019909,0.38609037,0.6968584,0.39997822,0.6866709,0.41549376,0.6806588,0.40781945,0.69180554,0.40037644,0.6609031,0.34057304,0.62518185,0.29811266,0.6147766,0.24982436,0.64270175,0.28589022,0.6373285,0.21170346,0.7000429,0.33670518,0.69315785,0.28608352,0.715008,0.24675958,0.6886245,0.28860757,0.716378,0.22544362,0.6029319,0.30762875,0.557666,0.34815148,0.6478028,0.44273153,0.6160921,0.49115926,0.5430292,0.35162213,0.27556694,0.40181342,0.44381243,0.3626365,0.25668508,0.43460461,0.24503613,0.5665748,0.59424275,0.5833837,0.56033444,0.6558318,0.56697494,0.7784438,0.53948855,0.5457525,0.5466632,0.7998092,0.54848206,0.6341344,0.31675044,0.65961516,0.33901024,0.77294725,0.3658813,0.5626478,0.32999283,0.52873594,0.34072128,0.7960509,0.3042764,0.6421978,0.43343693,0.587174,0.43635482,0.48111066,0.6146385,0.5014875
fox_10410.jpg,stay,0.6453881,0.5285872,0.6417098,0.53708416,0.63670135,0.54192835,0.6284253,0.52603394,0.64922035,0.51680577,0.6251566,0.45844766,0.6135639,0.40464246,0.6001264,0.33258593,0.6260825,0.41387185,0.6115297,0.30302158,0.6569355,0.45709255,0.6496175,0.39022332,0.66690165,0.3290178,0.64475715,0.40765345,0.6675292,0.30705252,0.59533775,0.41014037,0.5740794,0.42254546,0.62062025,0.5349525,0.6060268,0.5722172,0.5632455,0.4169392,0.4941062,0.4060481,0.48271498,0.40971756,0.5290493,0.42443228,0.553815,0.5360551,0.59595954,0.6088485,0.5772824,0.76106006,0.58298576,0.6554738,0.5533973,0.5736189,0.5540898,0.6546479,0.5639514,0.7618798,0.43312177,0.5764206,0.42487383,0.7335539,0.415227,0.65009576,0.40643635,0.6327816,0.40641576,0.7529268,0.4063592,0.55318975,0.4904434,0.611154,0.4845639,0.51212823,0.5679906,0.4993959
fox_10410.jpg,stay,0.6435154,0.5246842,0.64002156,0.53361833,0.635225,0.5437196,0.6290482,0.52322245,0.6452087,0.5156124,0.62418354,0.4606303,0.6114403,0.410712,0.6006855,0.34783834,0.6178335,0.41714886,0.6117013,0.326337,0.65324897,0.45873177,0.6481342,0.39800382,0.6658555,0.34834874,0.64106315,0.4183274,0.661918,0.3320441,0.58942366,0.41960433,0.5678345,0.4256995,0.6182376,0.53257596,0.60521567,0.5609598,0.5580593,0.4268333,0.3947187,0.4373239,0.47844845,0.41662377,0.38764864,0.4533252,0.37803048,0.5491165,0.5924729,0.6111135,0.5853038,0.66376907,0.56828487,0.74160343,0.5517899,0.5763317,0.55504835,0.7449739,0.5573205,0.6627128,0.38912472,0.6491615,0.40858975,0.7316419,0.39946347,0.6059183,0.40956745,0.57444394,0.40808186,0.7460419,0.40964937,0.62217736,0.47882232,0.61356723,0.47958058,0.51561236,0.57383937,0.5134183
fox_10318.jpg,stay,0.7290732,0.3688122,0.7205629,0.39105546,0.71443737,0.4068378,0.6872848,0.3710662,0.7340903,0.3588043,0.67725724,0.24374792,0.6444132,0.1747555,0.6116925,0.08037033,0.67094386,0.1762099,0.6407368,0.049559314,0.7385208,0.24157366,0.71870035,0.14409062,0.74798405,0.07295295,0.7182945,0.16398728,0.73671055,0.050197903,0.5955924,0.19289257,0.53385204,0.23267126,0.65888107,0.39628828,0.61651605,0.4733678,0.5080004,0.22942725,0.4073921,0.27162513,0.3406745,0.24199298,0.48798442,0.29500994,0.5248386,0.5439763,0.5872482,0.6062841,0.54575473,0.9121788,0.5530045,0.69689596,0.5108453,0.5384683,0.5082657,0.69946814,0.5174223,0.9334421,0.30765396,0.57387453,0.2712838,0.8911249,0.2866956,0.71813077,0.14658022,0.67728055,0.16343585,0.9238344,0.15080695,0.5217163,0.33788472,0.6088932,0.3549725,0.4312754,0.55258936,0.4242747
fox_10318.jpg,stay,0.7053387,0.30494422,0.69635713,0.32088867,0.6868575,0.33485043,0.6743301,0.31321192,0.6948081,0.3070756,0.65622246,0.22161655,0.6190617,0.15319192,0.6069618,0.08248679,0.6340965,0.15073517,0.6215507,0.047737267,0.7112783,0.21865931,0.7021884,0.14130765,0.7283039,0.079427384,0.69720906,0.15022995,0.7344688,0.058115315,0.5984509,0.15062845,0.545668,0.20730254,0.6403161,0.34761286,0.6017701,0.4191039,0.5264092,0.21348676,0.19742887,0.2757591,0.3952993,0.22632922,0.17258243,0.31568336,0.1446365,0.49076667,0.5811575,0.54190737,0.53969306,0.63295835,0.54068244,0.8170804,0.51217103,0.48779073,0.5250894,0.8405914,0.51669276,0.61500907,0.27174845,0.6321718,0.2852601,0.7979077,0.32605308,0.5094266,0.25255376,0.46448714,0.27478004,0.8253009,0.22973633,0.61068743,0.3783465,0.53736895,0.37926733,0.3919402,0.5907157,0.41863352
dalmatian_10497.jpg,stay,0.9141449,0.56909525,0.8864732,0.5835346,0.8685034,0.5895755,0.85026723,0.54829305,0.87795067,0.5218142,0.8579725,0.4422778,0.7959955,0.34144986,0.7948129,0.28583387,0.81346273,0.37594268,0.83525103,0.26162547,0.9106251,0.43665358,0.8691042,0.3140204,0.8841467,0.27247596,0.89608777,0.3321826,0.9163598,0.24996167,0.811845,0.24866997,0.72934806,0.17156263,0.7200234,0.46653128,0.6590269,0.45232832,0.70107293,0.14964406,0.14536689,0.12930395,0.4459452,0.07345602,0.11550162,0.14612639,0.08625939,0.42310864,0.63250595,0.5010625,0.59364235,0.5891113,0.58650666,0.75846887,0.57230073,0.42900848,0.5933678,0.7610144,0.54598486,0.57478523,0.28003561,0.57060593,0.26774153,0.7391031,0.30879113,0.44655162,0.20361039,0.38614118,0.25792748,0.75133085,0.18533485,0.57309395,0.39627331,0.49138978,0.3836206,0.2849137,0.5752903,0.29781106
dalmatian_10497.jpg,stay,0.82925224,0.54636407,0.8185255,0.5673759,0.81159085,0.57627034,0.7736017,0.5183047,0.86708087,0.5053928,0.791155,0.38881907,0.7599377,0.27035177,0.7247747,0.18300988,0.7680987,0.27059126,0.7463759,0.18558995,0.8729666,0.39123133,0.8944815,0.25617144,0.93429565,0.18332069,0.88460696,0.26127768,0.9287106,0.20009668,0.7805393,0.17988823,0.72226655,0.12137195,0.7425564,0.4981642,0.69221437,0.5058563,0.70970654,0.112877436,0.5889033,0.13062654,0.5257943,0.08193836,0.61199075,0.16892457,0.61173725,0.49917158,0.74352956,0.52711827,0.7101015,0.7421975,0.6902749,0.7194399,0.5944668,0.4647286,0.6063793,0.7106924,0.58893806,0.7477146,0.5882268,0.51130086,0.52688897,0.7814616,0.5497834,0.57459,0.3549224,0.5371333,0.40295896,0.79248667,0.36266482,0.47580165,0.5023446,0.54207504,0.45908237,0.31277418,0.74408895,0.30364743
fox_10395.jpg,stay,0.77224904,0.4689783,0.7587055,0.48440033,0.7460511,0.5033423,0.72802126,0.4765113,0.75787395,0.46549785,0.7161418,0.37084615,0.6681142,0.29758754,0.65122664,0.21792822,0.6839592,0.2867893,0.6799242,0.18841933,0.7747828,0.36599717,0.76288784,0.27235994,0.7856471,0.21578333,0.76353216,0.28336668,0.79404753,0.20242657,0.6480158,0.25691092,0.5934561,0.24852796,0.67866313,0.49527085,0.63540477,0.52036023,0.5686308,0.2434895,0.17723803,0.29756024,0.41223565,0.24004729,0.1574858,0.34195217,0.14274693,0.5202353,0.6225885,0.5836844,0.58758485,0.6522101,0.583228,0.7678833,0.5420583,0.5210061,0.55580425,0.7864853,0.55045164,0.6325099,0.24795718,0.62400484,0.27154627,0.7611322,0.3012337,0.5430415,0.23972657,0.4840303,0.27061883,0.77969444,0.22035432,0.59774977,0.38664278,0.5775353,0.39799255,0.40601212,0.63445365,0.43179464
fox_10395.jpg,stay,0.7670356,0.5094602,0.75909793,0.5273932,0.7508772,0.53893495,0.723592,0.50468254,0.7839781,0.4891768,0.72411466,0.37452567,0.68942076,0.27956772,0.65630263,0.16299355,0.7132354,0.29119992,0.67654526,0.13642974,0.7867449,0.37613457,0.77894175,0.25266725,0.8114727,0.15535983,0.77074456,0.2775865,0.8019618,0.15079977,0.6403738,0.26467088,0.58903074,0.26115614,0.6905538,0.51613796,0.6533779,0.55261403,0.56407976,0.2583328,0.46205235,0.26056406,0.36945772,0.24112149,0.53503615,0.30446246,0.57259876,0.5287645,0.6540432,0.606555,0.60893494,0.822335,0.61964846,0.6728138,0.54333454,0.5363971,0.5545329,0.6649577,0.5560943,0.832832,0.3658722,0.5403358,0.31115973,0.7905679,0.32486907,0.6707859,0.1905952,0.63287956,0.22111377,0.81826717,0.19195847,0.48707908,0.3739245,0.61840975,0.3887475,0.42845938,0.6046109,0.40611777
dalmatian_10404.jpg,stay,0.30867597,0.33222896,0.30759665,0.35235637,0.3064473,0.35955548,0.29913127,0.3477966,0.32358205,0.34079817,0.2840067,0.28569683,0.27481002,0.26017556,0.23847553,0.22749564,0.28124627,0.25571164,0.27301484,0.1906143,0.33619598,0.280685,0.3436953,0.24940659,0.37028798,0.2191937,0.32148466,0.24972376,0.34572765,0.19112574,0.34858698,0.29317933,0.36768046,0.3391376,0.30672508,0.3755584,0.3213182,0.46952406,0.37624153,0.34489065,0.43236312,0.33936563,0.46231955,0.33669832,0.39792886,0.37566543,0.35567746,0.50456065,0.38187432,0.5497677,0.38451627,0.64421403,0.38367113,0.8031436,0.33189058,0.56366545,0.364199,0.7904609,0.36466873,0.64822096,0.56745684,0.6348597,0.5764359,0.7944587,0.5831541,0.50709194,0.49111015,0.537475,0.51210237,0.76787287,0.49647188,0.6512487,0.45303684,0.54986435,0.35469982,0.46182385,0.47095498,0.4544639
dalmatian_10404.jpg,stay,0.2613951,0.35030726,0.26219365,0.36968607,0.26781645,0.37396047,0.26861557,0.34671658,0.28369513,0.34203616,0.26275772,0.2833236,0.27653766,0.23481324,0.24956079,0.19300282,0.2802344,0.24882093,0.25114197,0.16537568,0.30218232,0.28126168,0.32537007,0.24897149,0.34210104,0.19244683,0.30356747,0.24578051,0.325345,0.16426788,0.35010818,0.29001677,0.37646687,0.34905103,0.30219835,0.3702554,0.32732373,0.47704723,0.38833672,0.35740545,0.6357764,0.37778327,0.47333136,0.35355753,0.6567403,0.39837527,0.6654223,0.564721,0.3948387,0.5466831,0.40000343,0.849462,0.40168834,0.65044224,0.3670498,0.5715722,0.39486995,0.64676654,0.38308516,0.82710016,0.58428943,0.50696033,0.6021172,0.81328094,0.6026634,0.6354886,0.6015178,0.64562774,0.573873,0.79921657,0.5880057,0.5375745,0.48507214,0.5582776,0.39290315,0.46027344,0.48682028,0.46432695
collie_10022.jpg,stay,0.71374494,0.24557811,0.70855516,0.2646516,0.70350486,0.283032,0.67985094,0.27087012,0.7127095,0.25892627,0.67097735,0.18591125,0.6261665,0.14913197,0.6065568,0.11251799,0.65730476,0.13736038,0.64527917,0.078248516,0.71515155,0.1810103,0.69662565,0.1252864,0.70903665,0.10673519,0.6866607,0.12841955,0.6940351,0.07542627,0.5815082,0.16622704,0.52856594,0.22660252,0.6566343,0.31240472,0.62578356,0.38020554,0.51486,0.23470087,0.44877586,0.29551652,0.3979428,0.26414257,0.5017174,0.31607425,0.5223946,0.48399466,0.6022925,0.5186429,0.5638092,0.7770637,0.5700522,0.61708933,0.528863,0.48331538,0.5276585,0.61982524,0.5332783,0.7949199,0.37638593,0.53628516,0.3573317,0.779937,0.37264335,0.63686293,0.28007025,0.6128979,0.28194487,0.8083687,0.26858538,0.5125572,0.4150557,0.5559587,0.39491764,0.42296836,0.57333374,0.41545373
collie_10107.jpg,run,0.42424554,0.45057663,0.43401137,0.46353132,0.4472887,0.473321,0.44402045,0.43861505,0.4523344,0.4504816,0.44237575,0.38529372,0.47471076,0.32475144,0.46224815,0.3019785,0.4602394,0.34409237,0.4356205,0.31506684,0.45673075,0.39358225,0.49063787,0.3549552,0.48755446,0.3129203,0.47629672,0.3549772,0.4779686,0.3088589,0.51168144,0.31676614,0.5412288,0.29451665,0.5218558,0.42416516,0.5466545,0.4336609,0.5529246,0.2869299,0.77082735,0.31569237,0.65336055,0.28304887,0.77263874,0.3256514,0.78345907,0.42649874,0.5831788,0.42241544,0.5840453,0.55323493,0.5823208,0.4802094,0.56627816,0.45362145,0.5803143,0.4847289,0.5778498,0.5479218,0.7358128,0.414104,0.7418689,0.53850955,0.73748446,0.46578074,0.76069033,0.48178092,0.7340536,0.5415299,0.7536323,0.43009543,0.66090286,0.45983437,0.6082626,0.35687548,0.66503036,0.37090683
collie_10107.jpg,run,0.41096148,0.44653925,0.42309943,0.46330845,0.4359049,0.47272962,0.42768645,0.44609618,0.44479647,0.45583415,0.42803758,0.38284603,0.45980445,0.32163188,0.4446048,0.29845396,0.443535,0.33745724,0.43706456,0.29813388,0.4525416,0.39437822,0.49040866,0.35457936,0.4960776,0.3165896,0.47332937,0.35713756,0.4805112,0.30109972,0.5038125,0.30108446,0.5394727,0.27471223,0.5186219,0.44123566,0.5469639,0.448441,0.5546509,0.2675594,0.59799254,0.26768538,0.6559825,0.26434416,0.55378157,0.28603378,0.4990623,0.38444358,0.59013814,0.42514047,0.59539497,0.48342922,0.58597296,0.56505334,0.5645175,0.45933452,0.5751894,0.56806314,0.5644664,0.49508002,0.7554833,0.48551956,0.75532925,0.5544967,0.7572625,0.4207721,0.6799726,0.4273159,0.7321483,0.555185,0.7007663,0.48624527,0.6585913,0.4756359,0.5869676,0.3583295,0.66898125,0.36883408
chihuahua_10081.jpg,run,0.5137225,0.38813835,0.5136477,0.4130719,0.51343447,0.42817077,0.4862647,0.40835586,0.5375204,0.400138,0.47798103,0.3053779,0.46002227,0.22922151,0.4323627,0.10878358,0.4891886,0.21408197,0.4667522,0.09017346,0.5469198,0.29991552,0.54735667,0.2138778,0.5756775,0.10883475,0.5348356,0.2161953,0.54478776,0.09142902,0.42858967,0.34723186,0.41195202,0.39525744,0.5218648,0.4515403,0.51979715,0.5192941,0.40488577,0.4009646,0.4267927,0.40878975,0.3433627,0.44386366,0.48748988,0.38729283,0.53394836,0.5463847,0.5651888,0.63105565,0.5263565,0.9013336,0.5639304,0.6943804,0.42614633,0.6129006,0.42389598,0.7186578,0.46435532,0.9082032,0.41779414,0.6765663,0.37322682,0.8669936,0.38081488,0.796739,0.28951162,0.7713227,0.29890332,0.8862368,0.28855097,0.6703634,0.3771026,0.7291893,0.34354848,0.587517,0.5463131,0.59846157
chihuahua_10081.jpg,run,0.5184151,0.39445207,0.5169752,0.41495487,0.5161459,0.43334147,0.4960068,0.40829468,0.54607964,0.40573606,0.48188543,0.30067483,0.46794376,0.2237569,0.44155255,0.10784661,0.4811659,0.22250482,0.4673337,0.098106325,0.559011,0.30209374,0.5716814,0.22546744,0.6067065,0.122198135,0.5413493,0.22755976,0.56188554,0.108859345,0.44440326,0.3442403,0.42077255,0.4003896,0.5242492,0.4576093,0.5236218,0.53454274,0.4110411,0.4141407,0.2677293,0.43419385,0.34794548,0.44288132,0.2572634,0.4306995,0.23638871,0.5874412,0.5623369,0.64834714,0.5453486,0.7558474,0.51711303,0.8969887,0.41897255,0.62790513,0.4387249,0.9181071,0.43654975,0.7654957,0.33844692,0.79916376,0.35149708,0.8995683,0.35363704,0.7273088,0.28432852,0.6773773,0.310682,0.91315377,0.2967558,0.76141244,0.37030098,0.7311014,0.3341145,0.59506947,0.55866975,0.60704017
collie_10043.jpg,run,0.45753354,0.587774,0.45937562,0.60508853,0.46561676,0.6177892,0.45158845,0.5998057,0.48863688,0.6043722,0.45038947,0.5227576,0.45208645,0.4689303,0.41782054,0.41487083,0.46579394,0.4601742,0.42576146,0.3717273,0.5150001,0.53035444,0.5458196,0.48455873,0.57506835,0.41166136,0.51449376,0.46552256,0.5546267,0.37219208,0.50151384,0.47440714,0.5100241,0.491196,0.500938,0.6383456,0.5069803,0.6911192,0.50793713,0.48947188,0.58587873,0.4221569,0.5337957,0.43544224,0.59062827,0.4471141,0.6140162,0.6211113,0.58214295,0.6847189,0.5528759,0.83729994,0.5669261,0.7753987,0.45643443,0.6876288,0.4689254,0.7854398,0.48263818,0.84244967,0.6151237,0.63762,0.5989839,0.8102693,0.59344274,0.6678928,0.51702213,0.6937044,0.517357,0.8199982,0.5203665,0.64522946,0.53737026,0.6835428,0.44825444,0.54601043,0.5963504,0.56701064
collie_10043.jpg,run,0.46865645,0.6071279,0.46806067,0.6194357,0.4695314,0.63163805,0.45153433,0.6061029,0.48943147,0.6058317,0.4427356,0.53049654,0.43052235,0.46760723,0.4046403,0.4051544,0.4384862,0.46580875,0.41667685,0.38435897,0.5018678,0.5344433,0.5147567,0.46253616,0.5416739,0.40398222,0.4980329,0.46723694,0.53639424,0.38648492,0.48452887,0.43397847,0.48886165,0.42676845,0.46913853,0.6202113,0.47529277,0.63927466,0.4866477,0.4152414,0.47262365,0.35589573,0.50648683,0.36291647,0.44190565,0.38419455,0.40221518,0.5487718,0.54374474,0.6288583,0.531307,0.7113101,0.50738823,0.7988727,0.4245526,0.63034207,0.4407292,0.7921986,0.43656293,0.70019317,0.5805627,0.6510505,0.571669,0.7540974,0.57869923,0.58272004,0.47126094,0.5733505,0.50412,0.74423724,0.4875841,0.63859147,0.5030955,0.636809,0.42088723,0.49450997,0.55973786,0.49539965
chihuahua_10106.jpg,run,0.72052217,0.5626242,0.7119234,0.5785043,0.70989287,0.59202486,0.678539,0.56388795,0.7318892,0.5576978,0.6633165,0.46431914,0.6268924,0.39548168,0.59391123,0.2995261,0.6450917,0.3901348,0.6130651,0.28119895,0.7417877,0.46149108,0.74079734,0.3721485,0.7815151,0.29639193,0.7254244,0.38237548,0.7715994,0.2896854,0.6411096,0.37360603,0.6130559,0.3704377,0.66523725,0.58913004,0.65173054,0.6266848,0.59841627,0.36336175,0.43459222,0.33717144,0.5199221,0.322801,0.4142089,0.3612563,0.38460293,0.57003814,0.6973321,0.6455549,0.67835534,0.7296461,0.6457716,0.84580255,0.54426736,0.6187418,0.56509775,0.84553826,0.56106925,0.7232408,0.5209447,0.6856226,0.51944375,0.8004086,0.527437,0.60833234,0.41086262,0.5674526,0.44898662,0.802691,0.42699167,0.6570924,0.5090045,0.6487924,0.47219506,0.4868206,0.698153,0.481684
chihuahua_10106.jpg,run,0.7184787,0.55822545,0.71146727,0.57545686,0.7084455,0.5852693,0.67896247,0.55607545,0.7357045,0.54928285,0.67905056,0.4635577,0.6502059,0.397542,0.6181091,0.3278435,0.6679825,0.3950924,0.63404,0.30923223,0.7395672,0.46022865,0.7422032,0.37950045,0.771165,0.32341567,0.73613673,0.38443038,0.76870537,0.31528908,0.6480744,0.36588162,0.62245417,0.3659034,0.6797539,0.57749486,0.6595845,0.6085534,0.60877365,0.36026216,0.57958424,0.36895037,0.5163769,0.3554164,0.6285705,0.39691564,0.6470742,0.5886865,0.68976986,0.6463622,0.66050833,0.8416024,0.6715303,0.709883,0.5726004,0.6103665,0.5770504,0.7079641,0.59365946,0.84325176,0.5490392,0.6055089,0.51007825,0.81139475,0.52005064,0.69416845,0.39018202,0.67729926,0.39917457,0.8215945,0.38961005,0.5908924,0.5131471,0.66299313,0.48813882,0.51060826,0.6778194,0.5009011
collie_10102.jpg,run,0.3586875,0.48382652,0.36623225,0.49265417,0.37828565,0.4948028,0.36767,0.47424316,0.38108706,0.4814646,0.3645676,0.44020322,0.38295382,0.39907476,0.36914644,0.38357174,0.37293258,0.40709457,0.35560235,0.39066455,0.3809043,0.44624162,0.40283155,0.41351828,0.40580997,0.392604,0.38919702,0.4188815,0.39565167,0.38912785,0.4022638,0.37922403,0.42412275,0.3520867,0.4311861,0.4514053,0.4536491,0.44943225,0.4334454,0.34248152,0.60302174,0.3257067,0.51017463,0.31555536,0.6048116,0.33315033,0.6154133,0.42939353,0.48149943,0.43754494,0.47648397,0.5514608,0.4818303,0.4878625,0.46175322,0.4576309,0.4700714,0.48837447,0.46956402,0.5433455,0.5935776,0.41978845,0.60539657,0.54012704,0.5953079,0.46834096,0.60935587,0.4790236,0.59341127,0.53843105,0.61202496,0.43429446,0.53190553,0.45240173,0.4852857,0.36278734,0.53457,0.38430905
collie_10102.jpg,run,0.34838662,0.47615305,0.35635963,0.4846146,0.36425716,0.48817262,0.35633937,0.4705381,0.36947834,0.47751132,0.35423583,0.43386057,0.36910996,0.39249608,0.35525256,0.3762742,0.35762814,0.40602455,0.35593924,0.36868453,0.37378457,0.44224834,0.39629465,0.4070394,0.40305716,0.3875759,0.3824813,0.42017218,0.3958131,0.3707447,0.3959636,0.37205538,0.41701874,0.34557876,0.41338626,0.45468548,0.43201303,0.4495803,0.42626256,0.33767918,0.4931407,0.313858,0.511217,0.3106513,0.45698094,0.3359497,0.41629967,0.40267125,0.4633855,0.43724608,0.46499795,0.48092917,0.45296425,0.5326918,0.447435,0.45970067,0.44833416,0.5323829,0.44315252,0.47943965,0.59673005,0.46469012,0.6073085,0.52693063,0.60183865,0.41908035,0.55991876,0.4304804,0.5907685,0.5171904,0.5798637,0.46797565,0.5190364,0.45960236,0.4692379,0.37047112,0.51991624,0.3870435
collie_10642.jpg,run,0.46298584,0.4434424,0.46180978,0.47734556,0.45797628,0.49881706,0.36849213,0.44979802,0.56508833,0.43994564,0.37291342,0.2904996,0.32282954,0.17152433,0.24794726,0.06991289,0.3812112,0.15813622,0.31934208,0.063857056,0.59097385,0.29330072,0.6570949,0.17342032,0.7296719,0.08062682,0.5997284,0.15220304,0.68424773,0.06305194,0.52417856,0.18142623,0.51137835,0.19876234,0.48655608,0.5207019,0.47700825,0.5787715,0.5220697,0.201329,0.62982607,0.1991948,0.51270384,0.21571572,0.67483705,0.21194145,0.71678805,0.561201,0.71684647,0.6083598,0.6366611,0.92960775,0.67375845,0.7355336,0.25126514,0.6039936,0.27610138,0.7408022,0.3457833,0.9331854,0.8095468,0.61066425,0.66003615,0.8969186,0.7551004,0.72322935,0.24273959,0.72317123,0.32039103,0.8963089,0.21606816,0.6305994,0.5047819,0.69107854,0.14994124,0.46681976,0.8058783,0.4631483
collie_10642.jpg,run,0.46762803,0.43647417,0.46747363,0.46683207,0.46992522,0.49217224,0.3773812,0.44696435,0.57367605,0.44277716,0.36479726,0.2930858,0.30704343,0.1856291,0.22591926,0.08190155,0.35266155,0.16279122,0.2905871,0.06968453,0.58153397,0.2915079,0.6341427,0.1806943,0.70956767,0.08044334,0.5679083,0.15960267,0.6515378,0.06674383,0.52089936,0.20549163,0.517616,0.23208347,0.47017375,0.5179183,0.47019032,0.5729135,0.5225276,0.24725537,0.37057987,0.21007964,0.55388707,0.2585826,0.30254123,0.22101286,0.21335153,0.5504991,0.7157661,0.6095306,0.6638416,0.75271887,0.6246384,0.89457166,0.24505155,0.6100442,0.30457127,0.8967756,0.2865032,0.7456803,0.78345245,0.71657646,0.67781633,0.89112854,0.7736632,0.641446,0.26951236,0.61370385,0.39662656,0.8785078,0.27753267,0.72013015,0.5419864,0.69339544,0.18061744,0.48938546,0.80994135,0.49110684
dalmatian_10073.jpg,run,0.5958379,0.4257224,0.5908777,0.44401592,0.58498204,0.45921755,0.55525374,0.4342122,0.60230684,0.4275401,0.5591937,0.33471343,0.5191603,0.26862243,0.4934383,0.18986475,0.5468008,0.2619097,0.5129615,0.16046667,0.6038474,0.32810906,0.5922116,0.24006645,0.6116047,0.17967407,0.5909158,0.25653395,0.6008204,0.15748551,0.46994773,0.2637495,0.43633732,0.28097442,0.541815,0.4575649,0.5218837,0.4899012,0.42590874,0.28217542,0.45788854,0.30224514,0.31886274,0.29853445,0.5222734,0.31838974,0.59606373,0.52346516,0.54353565,0.5267103,0.5020179,0.75026923,0.5384982,0.56804293,0.43745613,0.5042402,0.4420704,0.58492,0.46795434,0.75192976,0.3906293,0.4859658,0.345136,0.70418656,0.3431045,0.6114521,0.25255552,0.5970872,0.26578355,0.73050475,0.24002695,0.5045557,0.3413833,0.5847012,0.3256995,0.44710752,0.49584293,0.42656633
collie_10059.jpg,run,0.8434685,0.5828569,0.833988,0.60033584,0.826512,0.6144723,0.79672337,0.5944056,0.82427806,0.58107775,0.7724798,0.50939333,0.72105587,0.4679172,0.6976401,0.3733631,0.7443698,0.45139447,0.7278652,0.33938077,0.8232964,0.5003275,0.77676404,0.4184085,0.80542123,0.3601471,0.7813389,0.43896517,0.80302274,0.35173073,0.68068945,0.47454938,0.63706344,0.49335012,0.74346274,0.60862106,0.71959895,0.65396744,0.61812294,0.48989487,0.4139689,0.47959352,0.5154365,0.4758785,0.41175142,0.48879936,0.4074008,0.6306221,0.70244896,0.72300434,0.6904949,0.8027876,0.6645764,0.8810796,0.6133481,0.6916394,0.623877,0.8737584,0.6339168,0.800029,0.42518014,0.77447873,0.4354918,0.8706899,0.43276072,0.71251184,0.40726122,0.6759735,0.4307292,0.87264436,0.4083808,0.7382005,0.5175456,0.73138136,0.5190759,0.5999827,0.68422157,0.5990948
collie_10059.jpg,run,0.86783826,0.5919338,0.86040336,0.6099252,0.8472563,0.6223605,0.8237584,0.6046429,0.85274047,0.5881683,0.7983915,0.5004505,0.7485217,0.44877955,0.72752833,0.3467689,0.78329337,0.43616688,0.7574214,0.30999035,0.8496779,0.4925684,0.7958261,0.40670624,0.81709146,0.33196342,0.8090267,0.42471027,0.8247713,0.31805223,0.692743,0.47447777,0.63238025,0.50874275,0.7590083,0.6090611,0.7205773,0.67022413,0.612735,0.50373757,0.55595684,0.493984,0.48307815,0.51897043,0.62328357,0.5019937,0.6677535,0.63245434,0.7011732,0.74512434,0.6741839,0.9278836,0.6828478,0.8107328,0.61479497,0.7030987,0.61831445,0.81036454,0.6453897,0.9335787,0.47432026,0.7301614,0.4364686,0.910806,0.4390758,0.81184274,0.37418967,0.79159397,0.41220632,0.9255235,0.37138018,0.6947115,0.4987399,0.76809114,0.50218326,0.6403499,0.658987,0.6303285
chihuahua_10215.jpg,run,0.5484239,0.46722624,0.5462858,0.5107751,0.5490664,0.54157966,0.47145095,0.52648765,0.6115105,0.52381915,0.43338433,0.35916033,0.3476348,0.27739602,0.25911602,0.1621328,0.40376303,0.23699374,0.34045693,0.1486193,0.6246966,0.3538565,0.667201,0.24935636,0.74805677,0.16259268,0.60567987,0.22691675,0.65808773,0.13730758,0.44183928,0.300466,0.43064752,0.3248824,0.53393704,0.62059015,0.5331955,0.70041966,0.4318727,0.33826068,0.26243126,0.33954436,0.40116668,0.34376237,0.21985789,0.34536794,0.16507538,0.6060163,0.7251011,0.681742,0.7018182,0.7546717,0.64530253,0.89599675,0.2987364,0.68329555,0.3741101,0.9088894,0.33798322,0.7521931,0.61903304,0.761288,0.5428833,0.85385346,0.6144404,0.67291784,0.20066164,0.6266743,0.34207946,0.83607876,0.24458328,0.7451213,0.4494595,0.7826488,0.23246588,0.575102,0.78021234,0.57985437
chihuahua_10215.jpg,run,0.5548794,0.48731786,0.55209243,0.52811193,0.55256367,0.5570416,0.4704471,0.5317759,0.6206878,0.5276522,0.45331874,0.356808,0.37801424,0.24546833,0.2966148,0.11418855,0.44939098,0.2078843,0.33910233,0.0895629,0.63977736,0.35631812,0.6921258,0.23979405,0.77607435,0.11241332,0.6424979,0.2093077,0.71867234,0.09150186,0.47837663,0.25941193,0.46773213,0.28931817,0.53681284,0.6247405,0.5286164,0.70686585,0.45806327,0.2922543,0.62425315,0.26232034,0.40206945,0.3052725,0.68901485,0.2808664,0.75349265,0.57178795,0.74273926,0.6957265,0.65738523,0.91685486,0.743528,0.7729086,0.29999545,0.6875952,0.34773725,0.79318064,0.410143,0.9216064,0.72589827,0.6632532,0.54591715,0.86997336,0.63902205,0.7439774,0.22191201,0.75311345,0.27185702,0.8760031,0.18562596,0.6808564,0.43269783,0.78754336,0.22038989,0.56002074,0.78474325,0.5657732
chihuahua_10113.jpg,bodyshake,0.37174612,0.52571434,0.37942493,0.54731274,0.39346573,0.55882007,0.37393993,0.5244577,0.4167121,0.52998567,0.37821713,0.42886826,0.405533,0.34321085,0.3710566,0.27845076,0.39724877,0.35358462,0.3489094,0.26645774,0.44491887,0.43848243,0.4912111,0.3785607,0.5192989,0.28463656,0.455589,0.3689979,0.4959053,0.2622215,0.49025226,0.35343888,0.52712065,0.36356792,0.4696722,0.55032945,0.49576283,0.60762745,0.53498524,0.3574976,0.8166877,0.32571957,0.6485977,0.33192292,0.8218215,0.34975776,0.8476976,0.57298416,0.5980345,0.60730606,0.57632315,0.82456046,0.58814555,0.7191181,0.48442498,0.63690734,0.5096231,0.7172497,0.5135488,0.8188305,0.81343234,0.5542573,0.79639417,0.7957434,0.7936411,0.6355189,0.75941676,0.66964954,0.73217404,0.7984744,0.7614764,0.58850044,0.6620328,0.6293747,0.51424426,0.45935854,0.69481915,0.48443285
chihuahua_10275.jpg,bodyshake,0.4764895,0.40114436,0.47860047,0.41478023,0.47857597,0.42367724,0.46124887,0.40819725,0.5139816,0.4075002,0.4679852,0.327856,0.46233433,0.2624208,0.4297041,0.19548367,0.48167267,0.2611508,0.42819825,0.1768548,0.52969116,0.33064374,0.5632458,0.2739251,0.6003721,0.19933346,0.54056156,0.2650439,0.581115,0.1832079,0.45623192,0.26231146,0.4447837,0.27327096,0.49827868,0.4393972,0.49060777,0.47922668,0.43311697,0.27260074,0.46448398,0.25308853,0.34322444,0.25854245,0.519766,0.27296758,0.5729457,0.4284148,0.55234677,0.4833803,0.5021391,0.6333886,0.5481717,0.5098946,0.40824676,0.4611425,0.41810247,0.52679384,0.44405013,0.6302338,0.41793567,0.416259,0.37074134,0.57263297,0.3694169,0.5215292,0.26999423,0.50651044,0.26840606,0.5972162,0.251709,0.42285776,0.35340044,0.50302607,0.32957223,0.37697542,0.51547,0.3802398
chihuahua_10565.jpg,bodyshake,0.51692134,0.53404796,0.51379055,0.5634812,0.5118318,0.5825936,0.4213227,0.5271215,0.619368,0.5203824,0.4229363,0.34251666,0.38347173,0.19914946,0.30381542,0.034777332,0.42204466,0.18984497,0.3265266,0.037415434,0.6430432,0.3447702,0.69836885,0.20222096,0.7918275,0.045367718,0.65998226,0.18853125,0.76966286,0.043119133,0.5212799,0.17487633,0.5161378,0.17127322,0.52232677,0.5868214,0.5153372,0.6458415,0.50085986,0.16560344,0.6512215,0.11670633,0.45820722,0.16013756,0.7070732,0.1508584,0.75070566,0.5024813,0.76824856,0.60271794,0.67285913,0.83802223,0.72471094,0.7111357,0.28305146,0.595755,0.3217192,0.7183814,0.3801366,0.8368069,0.80666304,0.5436967,0.64671177,0.79421806,0.7401989,0.6373893,0.23552167,0.642962,0.3259158,0.79890263,0.21544604,0.5519824,0.45417938,0.6531037,0.19747658,0.40351135,0.8205635,0.41413346
chihuahua_10367.jpg,bodyshake,0.26635548,0.29072475,0.27566078,0.30772403,0.28981876,0.31364447,0.2859245,0.27531508,0.29858285,0.2815322,0.28261718,0.20986754,0.32511815,0.15169741,0.29877305,0.10873755,0.30682078,0.1674279,0.27274364,0.09709865,0.31644413,0.21473902,0.3494417,0.17688505,0.35740227,0.11025243,0.32460326,0.183001,0.34560704,0.09189259,0.37295014,0.16634108,0.41954365,0.18988101,0.3662384,0.2818254,0.40484443,0.3531406,0.4347065,0.18898708,0.77057457,0.18822849,0.5723702,0.17914951,0.7811562,0.21132655,0.78670996,0.3682843,0.47456828,0.37927827,0.48025113,0.61081654,0.47968778,0.48149577,0.46361628,0.4143705,0.48826462,0.47739604,0.47143197,0.598837,0.722736,0.3271787,0.7383522,0.59093815,0.7353831,0.43768683,0.7612958,0.45328394,0.7258635,0.58877796,0.75983906,0.3596364,0.5940589,0.38942027,0.516071,0.2661259,0.5903177,0.28854662
chihuahua_10367.jpg,bodyshake,0.24978212,0.2524079,0.25896868,0.27049032,0.26895776,0.28056622,0.26759934,0.25399417,0.28327265,0.26058844,0.26760164,0.18838559,0.31214467,0.13245966,0.29551372,0.10796991,0.28631133,0.14814134,0.28305116,0.09809336,0.29979563,0.19437204,0.34093976,0.16258328,0.3511775,0.120555066,0.31137776,0.16313924,0.3278822,0.100440115,0.37456313,0.15257062,0.43128508,0.17770445,0.35125458,0.27004215,0.3893899,0.32081407,0.4466915,0.17789662,0.56477904,0.17597568,0.5750502,0.18895645,0.52461034,0.20925915,0.47751793,0.32321063,0.4643076,0.3621687,0.47190517,0.4603689,0.4628656,0.5667155,0.43726054,0.39452088,0.45817003,0.5596399,0.46148625,0.46895564,0.69559014,0.43489596,0.70408326,0.5702848,0.7075831,0.36244723,0.64972687,0.38480985,0.68978655,0.5637291,0.6625867,0.45283076,0.5732433,0.4045668,0.4713769,0.28299758,0.5782881,0.2962622
chihuahua_10069.jpg,bodyshake,0.51262015,0.484586,0.50864077,0.5051987,0.51041496,0.52190375,0.47314414,0.49215174,0.5388074,0.49159423,0.4573512,0.39055717,0.421215,0.32109886,0.37105724,0.23510277,0.43667692,0.3063989,0.39553198,0.21887505,0.54482055,0.38742384,0.5566117,0.30116633,0.60009843,0.2269936,0.5391825,0.2942631,0.58605033,0.21719863,0.4968075,0.28922993,0.48755297,0.29560274,0.4857501,0.5390789,0.48512846,0.5855492,0.4838787,0.2918422,0.41922346,0.2555416,0.49771842,0.25825715,0.38407567,0.27901515,0.3321356,0.5214762,0.5734577,0.60155743,0.5594486,0.6963195,0.52432346,0.8449783,0.38574663,0.59533054,0.41128206,0.83512586,0.40538868,0.68634415,0.6012972,0.6618437,0.580567,0.7915105,0.5996911,0.5564912,0.40151328,0.5322009,0.44909516,0.774985,0.41927227,0.65246755,0.4794612,0.62439626,0.36795953,0.44505334,0.60758096,0.44165668
chihuahua_10069.jpg,bodyshake,0.50294864,0.49291635,0.49956226,0.5162914,0.4996783,0.5285199,0.46489906,0.49123394,0.53541857,0.4851772,0.4644745,0.3868804,0.43701142,0.30357334,0.3971248,0.2214151,0.45545942,0.2923378,0.41212487,0.2118703,0.54320896,0.38363028,0.5641246,0.29634038,0.59986866,0.22106218,0.54956627,0.28635463,0.59273356,0.21350868,0.48845473,0.2781643,0.48083916,0.28067794,0.50302607,0.5326032,0.49823514,0.5764189,0.47944897,0.27679294,0.5596341,0.2710657,0.46552533,0.2662653,0.59633243,0.29279816,0.61333525,0.5562615,0.58308315,0.60793495,0.55326355,0.8745174,0.5717176,0.6890033,0.40850297,0.5926675,0.41459447,0.69459623,0.44946104,0.87306374,0.58793396,0.5696998,0.53861874,0.8237457,0.55796593,0.68239766,0.38170287,0.68072504,0.37941176,0.82422465,0.3741422,0.58370715,0.46290272,0.6454328,0.3652392,0.46036783,0.6093648,0.46565056
frame_0_timestamp_0.jpg,bodyshake,0.5639428,0.52691185,0.5497045,0.53159106,0.53744495,0.534255,0.5018909,0.5156611,0.57184875,0.50989896,0.5014857,0.4761801,0.4461175,0.43106568,0.41853493,0.39963016,0.46863303,0.43704414,0.45492363,0.38963112,0.57878655,0.4721262,0.5638069,0.40779582,0.59280384,0.39199814,0.55876994,0.42554283,0.5976769,0.39330944,0.5013489,0.38473836,0.47804385,0.35071924,0.43758637,0.47573155,0.42308605,0.45274067,0.46736357,0.33496198,0.31972158,0.2683055,0.3668714,0.26202637,0.28948402,0.27900204,0.2522879,0.39713317,0.509288,0.4444148,0.48904338,0.49802798,0.45235547,0.54224724,0.31401786,0.43025684,0.33517838,0.5344822,0.32147625,0.48626357,0.39652002,0.44512558,0.36734363,0.51217043,0.36687106,0.40645057,0.25685608,0.39665014,0.29289943,0.50458395,0.27913535,0.43460408,0.3513805,0.441216,0.2711719,0.34587306,0.47927964,0.33565673
frame_0_timestamp_0.jpg,bodyshake,0.4982688,0.56767774,0.49235725,0.57407206,0.48925093,0.5735186,0.45019737,0.54783726,0.53638333,0.5465309,0.45943308,0.4942035,0.4372912,0.44161892,0.40564296,0.41981468,0.46452475,0.46071276,0.41755593,0.41105795,0.5495086,0.49508184,0.5693554,0.4354519,0.5961029,0.412196,0.5295929,0.45204768,0.5814669,0.41286775,0.47922307,0.40004817,0.46921682,0.36124185,0.4564439,0.49475366,0.4419794,0.4835596,0.45491147,0.34585372,0.46046147,0.261202,0.37143064,0.24851689,0.49672157,0.27950352,0.55449593,0.44120276,0.5295511,0.45787194,0.47977233,0.56805825,0.49449125,0.5239199,0.32329422,0.44063568,0.33496222,0.52070975,0.34944716,0.5721785,0.44528726,0.400385,0.3656651,0.5412131,0.38217357,0.4263443,0.2268444,0.44528875,0.2493634,0.54552287,0.24398242,0.403521,0.37024096,0.44177637,0.27147484,0.336233,0.5056867,0.3312313
chihuahua_10268.jpg,bodyshake,0.21572313,0.6780541,0.22035876,0.7104211,0.22569108,0.7351962,0.16489096,0.68326545,0.27544725,0.67974585,0.15351816,0.4885218,0.10960956,0.35172734,0.06110543,0.26487476,0.1254539,0.3383788,0.086463526,0.25498605,0.2823059,0.4845039,0.32627028,0.34802347,0.36490425,0.25463104,0.29358467,0.33556557,0.3536783,0.24970852,0.27794325,0.24301958,0.3058603,0.21500091,0.2683968,0.7281863,0.2874338,0.7822527,0.31483945,0.21375322,0.2497801,0.18641388,0.43016824,0.20830779,0.19723147,0.2398828,0.12793216,0.5778992,0.436069,0.6596009,0.40114528,0.79410887,0.39676833,0.9499625,0.14170408,0.70880824,0.18840185,0.938346,0.17864639,0.79169345,0.5923172,0.7285529,0.52140456,0.8812879,0.5966107,0.58528435,0.26799864,0.58851737,0.38265333,0.84810734,0.287965,0.7340353,0.43653736,0.7447981,0.1691405,0.48032522,0.5310303,0.48519242
chihuahua_10268.jpg,bodyshake,0.2208189,0.6662816,0.22492576,0.6955812,0.23115626,0.7102722,0.18087983,0.6401043,0.2661739,0.6441912,0.17296395,0.47639695,0.13725272,0.3529788,0.097458646,0.2787236,0.15100794,0.34454444,0.08265714,0.2655616,0.27761644,0.4843821,0.3196894,0.3616033,0.35793185,0.27541253,0.29362226,0.35196427,0.34755337,0.27993846,0.27701658,0.25700638,0.30166942,0.21258155,0.2684024,0.67542166,0.28685284,0.7050482,0.31287575,0.21022049,0.6391551,0.23676543,0.43348598,0.1708583,0.6708792,0.27195176,0.7616506,0.6513076,0.41105852,0.6228068,0.37384635,0.9880364,0.3984335,0.7414557,0.19734935,0.6568704,0.24820347,0.75941265,0.2509398,0.97612447,0.6199928,0.54942733,0.563317,0.92046005,0.5778693,0.6931966,0.48963475,0.7204887,0.4462944,0.90497637,0.45809665,0.6206507,0.45992312,0.6974222,0.23451439,0.42825353,0.5167456,0.44912094
chihuahua_10072.jpg,bodyshake,0.7137413,0.42961445,0.7049729,0.44343168,0.7020539,0.458352,0.6790186,0.43568164,0.71771896,0.4276029,0.6584757,0.34682775,0.6286419,0.29699296,0.5964103,0.21121374,0.6451037,0.29201224,0.62789917,0.18616503,0.7330471,0.34671336,0.7266855,0.27663535,0.7684591,0.21102703,0.710721,0.28807542,0.7458191,0.1958132,0.6096035,0.3194827,0.5636095,0.34097257,0.66956043,0.4658196,0.6455795,0.52596474,0.5457779,0.3403102,0.26936832,0.35222757,0.42797953,0.32612202,0.25586873,0.3680003,0.24610929,0.53603345,0.6374286,0.5966695,0.61329883,0.67389226,0.58950776,0.78727645,0.5305587,0.56037354,0.54109013,0.7954417,0.5442363,0.67975056,0.33045208,0.6656381,0.34682268,0.77532476,0.35301942,0.57440877,0.2815601,0.53247094,0.30398875,0.7868508,0.2856861,0.628704,0.41796756,0.59602547,0.41396514,0.4612029,0.6336576,0.47390062
chihuahua_10072.jpg,bodyshake,0.7051451,0.45021695,0.70052093,0.46834996,0.6977581,0.4779658,0.67224216,0.45068052,0.72843987,0.44217712,0.6697074,0.34999046,0.6524561,0.2844643,0.6166372,0.19294623,0.6770587,0.2831936,0.63590515,0.16799639,0.7413168,0.34749404,0.74399745,0.27217308,0.77892286,0.18926589,0.7342326,0.2789207,0.7606306,0.16830099,0.61021787,0.31463194,0.56792206,0.34039825,0.6851891,0.47209454,0.65608263,0.5393365,0.5460825,0.3357819,0.5036305,0.34066612,0.39971998,0.3372846,0.58552796,0.35004973,0.64258975,0.5461074,0.66513574,0.6156367,0.6161322,0.8612055,0.64175355,0.6649531,0.54720086,0.56890064,0.5454892,0.6753755,0.56170607,0.8707464,0.4225627,0.5691558,0.3782187,0.80971575,0.38128293,0.7041835,0.24390964,0.6734287,0.25998417,0.8357094,0.2508042,0.5389367,0.40759382,0.6196714,0.41334358,0.47825438,0.6161219,0.484063
frame_12_timestamp_400.jpg,bodyshake,0.50784624,0.53403777,0.50474304,0.53944397,0.49996728,0.53999496,0.459678,0.5153378,0.5393006,0.5118247,0.45637268,0.46282512,0.4262954,0.41095477,0.39665225,0.38099784,0.44581196,0.4219573,0.4214024,0.37035882,0.5497788,0.46266842,0.5531742,0.398758,0.5786218,0.37634382,0.528968,0.41905454,0.5815749,0.37389576,0.47794467,0.36984003,0.4638538,0.3301081,0.45069426,0.46996167,0.4400501,0.45245165,0.45584133,0.31371483,0.34940654,0.24648471,0.39343983,0.23259394,0.31549317,0.26554385,0.27206847,0.4093264,0.525483,0.4344263,0.5003044,0.49865383,0.464323,0.55451566,0.3467621,0.42368165,0.36901534,0.5449992,0.35122046,0.49184722,0.44069147,0.4388345,0.4202581,0.52535594,0.42976025,0.39595696,0.28918704,0.38832474,0.33433095,0.52086055,0.32915303,0.42641276,0.3873566,0.4276276,0.3008043,0.32615936,0.5180478,0.31784347
frame_12_timestamp_400.jpg,bodyshake,0.5087102,0.55776376,0.50334775,0.564048,0.49886593,0.56197727,0.45588988,0.53216994,0.5402064,0.5273317,0.45884424,0.4726695,0.43347088,0.4154663,0.40289333,0.3882005,0.45225957,0.43370724,0.41788346,0.38301888,0.547913,0.47367316,0.54846394,0.40473452,0.5679404,0.38156202,0.5261718,0.4265297,0.57230854,0.3859185,0.46815223,0.3704775,0.4542889,0.32711226,0.44918704,0.47435808,0.4325867,0.46194562,0.43996632,0.31015712,0.4305793,0.24108188,0.35803723,0.22571756,0.45923725,0.2611311,0.48467267,0.42302364,0.5067719,0.43984765,0.46790627,0.56261814,0.46790773,0.51722175,0.3242494,0.42380524,0.33606103,0.5091052,0.34289512,0.5633233,0.43115997,0.39804044,0.36419517,0.5427427,0.38621148,0.42438594,0.22491142,0.43353444,0.2578618,0.542957,0.24632654,0.39690515,0.3607418,0.4326024,0.2671844,0.32048607,0.49820343,0.313104
